[{"id":"user-image-pngimg.com-intel_PNG19.png","publicUrl":"np://user.desktop.nicepage.com/Site_217071124/images/pngimg.com-intel_PNG19.png","size":72086,"hash":"hSppY9fpDUFI6gJC/C2pI8Y++fA=","fileName":"pngimg.com-intel_PNG19.png","name":"pngimg.com-intel_PNG19","width":1706,"height":1124,"thumbnail":{"url":"np://user.desktop.nicepage.com/Site_217071124/images/thumbnails/pngimg.com-intel_PNG19.png","width":250,"height":165},"folderId":null,"usages":["product:11","602626504"]},{"id":"user-image-Logo-AMD.png","publicUrl":"np://user.desktop.nicepage.com/Site_217071124/images/Logo-AMD.png","size":40474,"hash":"aXrqRyToHtCAquoc9WtQCRQVRwE=","fileName":"Logo-AMD.png","name":"Logo-AMD","width":5000,"height":3125,"thumbnail":{"url":"np://user.desktop.nicepage.com/Site_217071124/images/thumbnails/Logo-AMD.png","width":250,"height":156},"folderId":null,"usages":["product:12","602626504"]},{"id":"user-image-refrigeracion.jpg","publicUrl":"np://user.desktop.nicepage.com/Site_217071124/images/refrigeracion.jpg","size":9608,"hash":"rer8sGJVgWaMXdFX8Ocl+oGKSOo=","fileName":"refrigeracion.jpg","name":"refrigeracion","width":225,"height":225,"thumbnail":{"url":"np://user.desktop.nicepage.com/Site_217071124/images/thumbnails/refrigeracion.jpg","height":225,"width":225,"length":9608,"type":"jpg"},"folderId":null,"usages":["product:9","194203737"]},{"id":"user-image-pexels-photo-3165335.jpeg","publicUrl":"np://user.desktop.nicepage.com/Site_217071124/images/pexels-photo-3165335.jpeg","size":784222,"hash":"nmkms6wp9nc5vGmUhENc+PFYijI=","fileName":"pexels-photo-3165335.jpeg","name":"pexels-photo-3165335","width":2500,"height":1875,"thumbnail":{"url":"np://user.desktop.nicepage.com/Site_217071124/images/thumbnails/pexels-photo-3165335.jpeg","width":250,"height":188},"folderId":null,"usages":["194203737"]},{"id":"user-image-gaming_setup_pixel_art.png","publicUrl":"np://user.desktop.nicepage.com/Site_217071124/images/gaming_setup_pixel_art.png","size":2736747,"hash":"TgiL4VRl6ahwIAcYH+vzujQayHA=","fileName":"gaming_setup_pixel_art.png","name":"gaming_setup_pixel_art","width":1024,"height":1792,"thumbnail":{"url":"np://user.desktop.nicepage.com/Site_217071124/images/thumbnails/gaming_setup_pixel_art.png","width":143,"height":250},"folderId":null,"usages":["194203737"]},{"id":"user-image-teclado.jpg","publicUrl":"np://user.desktop.nicepage.com/Site_217071124/images/teclado.jpg","size":63383,"hash":"2Uo4SO3CMif/JkW4M6yotofFScs=","fileName":"teclado.jpg","name":"teclado","width":700,"height":694,"thumbnail":{"url":"np://user.desktop.nicepage.com/Site_217071124/images/thumbnails/teclado.jpg","width":250,"height":248},"folderId":null,"usages":["product:8","194203737"]},{"id":"user-image-ram.jpg","publicUrl":"np://user.desktop.nicepage.com/Site_217071124/images/ram.jpg","size":20542,"hash":"iMchKICF+xoeCo+Nc4r0r7hUuEc=","fileName":"ram.jpg","name":"ram","width":500,"height":264,"thumbnail":{"url":"np://user.desktop.nicepage.com/Site_217071124/images/thumbnails/ram.jpg","width":250,"height":132},"folderId":null,"usages":["product:3","194203737"]},{"id":"user-image-tarjetagrafica.jpg","publicUrl":"np://user.desktop.nicepage.com/Site_217071124/images/tarjetagrafica.jpg","size":108377,"hash":"B4kCVFumqxuItLC1hE4hjr+KL+c=","fileName":"tarjetagrafica.jpg","name":"tarjetagrafica","width":894,"height":905,"thumbnail":{"url":"np://user.desktop.nicepage.com/Site_217071124/images/thumbnails/tarjetagrafica.jpg","width":247,"height":250},"folderId":null,"usages":["product:2","194203737"]},{"id":"user-image-board.png","publicUrl":"np://user.desktop.nicepage.com/Site_217071124/images/board.png","size":459488,"hash":"8DSwekMuOiC8bhCAPBNV7K/C0MY=","fileName":"board.png","name":"board","width":800,"height":800,"thumbnail":{"url":"np://user.desktop.nicepage.com/Site_217071124/images/thumbnails/board.png","width":250,"height":250},"folderId":null,"usages":["product:6","194203737","157817253"]},{"id":"user-image-monitor.jpg","publicUrl":"np://user.desktop.nicepage.com/Site_217071124/images/monitor.jpg","size":117858,"hash":"/6a+ISudynEwSpZNtA2d1wBb+dE=","fileName":"monitor.jpg","name":"monitor","width":1100,"height":730,"thumbnail":{"url":"np://user.desktop.nicepage.com/Site_217071124/images/thumbnails/monitor.jpg","width":250,"height":166},"folderId":null,"usages":["product:5","194203737"]},{"id":"user-image-mousegamer.png","publicUrl":"np://user.desktop.nicepage.com/Site_217071124/images/mousegamer.png","size":115606,"hash":"QKeH/lvDbs3Xyg/6SfDAFUPQgTE=","fileName":"mousegamer.png","name":"mousegamer","width":800,"height":800,"thumbnail":{"url":"np://user.desktop.nicepage.com/Site_217071124/images/thumbnails/mousegamer.png","width":250,"height":250},"folderId":null,"usages":["product:4","194203737"]},{"id":"user-image-cascos.jpg","publicUrl":"np://user.desktop.nicepage.com/Site_217071124/images/cascos.jpg","size":21455,"hash":"8WrwWIVqBorCtczMpJv7UfQXH0A=","fileName":"cascos.jpg","name":"cascos","width":510,"height":510,"thumbnail":{"url":"np://user.desktop.nicepage.com/Site_217071124/images/thumbnails/cascos.jpg","width":250,"height":250},"folderId":null,"usages":["product:10"]},{"id":"user-image-cascos2.jpg","publicUrl":"np://user.desktop.nicepage.com/Site_217071124/images/cascos2.jpg","size":67461,"hash":"tYH0M0e6+oxETYTU5d2psixmgGM=","fileName":"cascos2.jpg","name":"cascos2","width":1000,"height":991,"thumbnail":{"url":"np://user.desktop.nicepage.com/Site_217071124/images/thumbnails/cascos2.jpg","width":250,"height":248},"folderId":null,"usages":["product:10","194203737"]},{"id":"user-image-fuente.png","publicUrl":"np://user.desktop.nicepage.com/Site_217071124/images/fuente.png","size":3229344,"hash":"EuwoZtGKfQGqK2dp+w1bm/hmjUU=","fileName":"fuente.png","name":"fuente","width":2000,"height":2000,"thumbnail":{"url":"np://user.desktop.nicepage.com/Site_217071124/images/thumbnails/fuente.png","width":250,"height":250},"folderId":null,"usages":["product:1","194203737"]},{"id":"user-image-gabinete.jpg","publicUrl":"np://user.desktop.nicepage.com/Site_217071124/images/gabinete.jpg","size":159483,"hash":"LDZorTy8rYO0io/gq77Z5i0qmZI=","fileName":"gabinete.jpg","name":"gabinete","width":1215,"height":1215,"thumbnail":{"url":"np://user.desktop.nicepage.com/Site_217071124/images/thumbnails/gabinete.jpg","width":250,"height":250},"folderId":null,"usages":["194203737","product:7"]},{"id":"user-image-Portadagaming.jpg","publicUrl":"np://user.desktop.nicepage.com/Site_217071124/images/Portadagaming.jpg","size":102873,"hash":"NKYa7jQiZ+AkLs2ky1SvS5gVTak=","fileName":"Portadagaming.jpg","name":"Portadagaming","width":1250,"height":550,"thumbnail":{"url":"np://user.desktop.nicepage.com/Site_217071124/images/thumbnails/Portadagaming.jpg","width":250,"height":110},"folderId":null,"usages":["194203737"]},{"id":"user-image-ktc-hero-blog-gaming-cloud-gaming-advantages-disadvantages-lg.jpg","publicUrl":"np://user.desktop.nicepage.com/Site_217071124/images/ktc-hero-blog-gaming-cloud-gaming-advantages-disadvantages-lg.jpg","size":351847,"hash":"6TANsvF9e8zEYLaaG/lBDjGjDN4=","fileName":"ktc-hero-blog-gaming-cloud-gaming-advantages-disadvantages-lg.jpg","name":"ktc-hero-blog-gaming-cloud-gaming-advantages-disadvantages-lg","width":2048,"height":768,"thumbnail":{"url":"np://user.desktop.nicepage.com/Site_217071124/images/thumbnails/ktc-hero-blog-gaming-cloud-gaming-advantages-disadvantages-lg.jpg","width":250,"height":94},"folderId":null,"usages":["194203737"]},{"id":"user-image-logo3.png","publicUrl":"np://user.desktop.nicepage.com/Site_217071124/images/logo3.png","size":15100,"hash":"bVLe8obSBcjxVfScB5+jAGYFDiI=","fileName":"logo3.png","name":"logo3","width":140,"height":166,"thumbnail":{"url":"np://user.desktop.nicepage.com/Site_217071124/images/thumbnails/logo3.png","width":140,"height":166,"length":15100,"type":"png"},"folderId":null,"usages":[]}]