[{"id":41093693,"title":"Blog Template","order":1,"templateKey":"blog","customTemplate":false,"customTemplateFilename":null,"pageLinks":[],"dateCreated":"2024-11-08T17:10:43.396Z","dateUpdated":"2024-11-08T17:10:44.878Z","folderId":null,"pageName":"Blog Template","serverPageId":null,"sectionCount":1,"status":2,"backwardUrl":null},{"id":1964005831,"title":"Post Template","order":2,"templateKey":"post","customTemplate":false,"customTemplateFilename":null,"pageLinks":[],"dateCreated":"2024-11-08T17:10:43.546Z","dateUpdated":"2024-11-08T17:10:44.878Z","folderId":null,"pageName":"Post Template","serverPageId":null,"sectionCount":1,"status":2,"backwardUrl":null},{"id":85464092,"title":"Product List Template","order":3,"templateKey":"products","customTemplate":false,"customTemplateFilename":null,"pageLinks":[],"dateCreated":"2024-11-08T17:10:43.710Z","dateUpdated":"2024-11-08T17:10:44.879Z","folderId":null,"pageName":"Product List Template","serverPageId":null,"sectionCount":1,"status":2,"backwardUrl":null},{"id":157817253,"title":"Product Details Template","order":4,"templateKey":"product","customTemplate":false,"customTemplateFilename":null,"pageLinks":[],"dateCreated":"2024-11-08T17:10:43.863Z","dateUpdated":"2024-11-08T22:05:44.268Z","folderId":null,"pageName":"Product Details Template","serverPageId":null,"sectionCount":1,"status":2,"backwardUrl":null},{"id":28506367,"title":"Shopping Cart Template","order":5,"templateKey":"cart","customTemplate":false,"customTemplateFilename":null,"pageLinks":[],"dateCreated":"2024-11-08T17:10:43.984Z","dateUpdated":"2024-11-08T17:10:44.879Z","folderId":null,"pageName":"Shopping Cart Template","serverPageId":null,"sectionCount":1,"status":2,"backwardUrl":null},{"id":1368205445,"title":"Checkout Template","order":6,"templateKey":"checkout","customTemplate":false,"customTemplateFilename":null,"pageLinks":[],"dateCreated":"2024-11-08T17:10:44.138Z","dateUpdated":"2024-11-08T17:10:44.879Z","folderId":null,"pageName":"Checkout Template","serverPageId":null,"sectionCount":1,"status":2,"backwardUrl":null},{"id":117109609,"title":"Login Template","order":7,"templateKey":"login","customTemplate":false,"customTemplateFilename":null,"pageLinks":[],"dateCreated":"2024-11-08T17:10:44.236Z","dateUpdated":"2024-11-08T17:10:44.879Z","folderId":null,"pageName":"Login Template","serverPageId":null,"sectionCount":1,"status":2,"backwardUrl":null},{"id":43194283,"title":"Search Page Template","order":8,"templateKey":"Search","customTemplate":false,"customTemplateFilename":null,"pageLinks":[],"dateCreated":"2024-11-08T17:10:44.307Z","dateUpdated":"2024-11-08T17:10:44.879Z","folderId":null,"pageName":"Search Page Template","serverPageId":null,"sectionCount":1,"status":2,"backwardUrl":null},{"id":122229067,"title":"Page Password Template","order":9,"templateKey":"password","customTemplate":false,"customTemplateFilename":null,"pageLinks":[],"dateCreated":"2024-11-08T17:10:44.389Z","dateUpdated":"2024-11-08T17:10:44.879Z","folderId":null,"pageName":"Page Password Template","serverPageId":null,"sectionCount":1,"status":2,"backwardUrl":null},{"id":566006930,"title":"404 Not Found Template","order":10,"templateKey":"404","customTemplate":false,"customTemplateFilename":null,"pageLinks":[],"dateCreated":"2024-11-08T17:10:44.453Z","dateUpdated":"2024-11-08T17:10:44.880Z","folderId":null,"pageName":"404 Not Found Template","serverPageId":null,"sectionCount":1,"status":2,"backwardUrl":null},{"id":564607930,"title":"Thank You Page Template","order":11,"templateKey":"ThankYou","customTemplate":false,"customTemplateFilename":null,"pageLinks":[],"dateCreated":"2024-11-08T17:10:44.517Z","dateUpdated":"2024-11-08T17:10:44.880Z","folderId":null,"pageName":"Thank You Page Template","serverPageId":null,"sectionCount":1,"status":2,"backwardUrl":null},{"id":194203737,"title":"Home","order":50,"templateKey":null,"customTemplate":false,"customTemplateFilename":null,"pageLinks":[],"dateCreated":"2024-11-08T17:10:45.408Z","dateUpdated":"2024-11-09T01:26:43.398Z","folderId":null,"pageName":"Home_194203737","serverPageId":null,"sectionCount":4,"status":2,"backwardUrl":null},{"id":602626504,"title":"Personalizacion","order":100,"templateKey":null,"customTemplate":false,"customTemplateFilename":null,"pageLinks":[],"dateCreated":"2024-11-08T17:10:44.561Z","dateUpdated":"2024-11-09T01:27:01.208Z","folderId":null,"pageName":"Personalizacion_602626504","serverPageId":null,"sectionCount":2,"status":2,"backwardUrl":null},{"id":295517918,"title":"Contacto","order":101,"templateKey":null,"customTemplate":false,"customTemplateFilename":null,"pageLinks":[],"dateCreated":"2024-11-08T17:10:44.593Z","dateUpdated":"2024-11-08T17:10:44.880Z","folderId":null,"pageName":"Contacto_295517918","serverPageId":null,"sectionCount":1,"status":2,"backwardUrl":null}]