{"products":[{"id":"12","name":"amd","title":"Amd","description":"Amd","fullDescription":"Amd","price":"10","oldPrice":"","quantity":1,"currency":"COP","sku":"","outOfStock":false,"isFeatured":false,"categories":["5"],"images":[{"url":"np://user.desktop.nicepage.com/Site_217071124/images/Logo-AMD.png"}],"created":1731111283243,"updated":1731111283243,"isDefault":false},{"id":"6","name":"board-azus-rock","title":"Board Azus Rock","description":"Tarjeta madre // Board Azus Rock  lightning","fullDescription":"","price":"800000","oldPrice":"","quantity":1,"currency":"COP","sku":"","outOfStock":false,"isFeatured":false,"categories":["4"],"images":[{"url":"np://user.desktop.nicepage.com/Site_217071124/images/board.png"}],"created":1731085845300,"updated":1731098792551,"isDefault":true},{"id":"10","name":"cascos-rgb-gamer","title":"Cascos RGB Gamer","description":"Cascos Con microfono y suve espuma RBG Alambricos","fullDescription":"Cascos Con microfono y suve espuma RBG Alambricos","price":"145000","oldPrice":"","quantity":1,"currency":"COP","sku":"","outOfStock":false,"isFeatured":false,"categories":["4"],"images":[{"url":"np://user.desktop.nicepage.com/Site_217071124/images/cascos2.jpg"},{"url":"np://user.desktop.nicepage.com/Site_217071124/images/cascos.jpg"}],"created":1731102968124,"updated":1731103213238,"isDefault":false},{"id":"1","name":"fuente-de-poder","title":"Fuente de poder ","description":"Fuente de poder 80 plus gold","fullDescription":"","price":"600000","oldPrice":"","quantity":1,"currency":"COP","sku":"","outOfStock":false,"isFeatured":false,"categories":["4"],"images":[{"url":"np://user.desktop.nicepage.com/Site_217071124/images/fuente.png"}],"created":1731085845299,"updated":1731099014155,"isDefault":true},{"id":"7","name":"gabinete","title":"Gabinete","description":"Gabinete Gamer Xzeal Micro Atx 4 Fan Argb Cristal Templado ","fullDescription":"GABINETE GAMING XZEAL\nEste gabinete está diseñado para soportar tarjetas madre Micro ATX / Mini ITX. Tiene espacio para disco duro SSD 2.5 y HDD 3.5. Incorpora puertos USB y audio.\n\nESPECIFICACIONES\n4 espacio PCI\nEspacio para disco duro: 2 x 3.5 HDD | 2 x 2.5 SSD\nSoporte tarjeta madre: Micro ATX | Mini ITX\nPuertos: 2 x USB 3.0 | 2 x 3.5mm para audio y micrófono\n\nPUERTO PARA VENTILADOR\nFrontal: 2 x 120 mm\nSuperior: 2 x 120 mm\nTrasero: 2 x 120 mm\n\nNo incluye componentes, imágenes son con fines ilustrativos\n\n(DRC)'.","price":"1070000","oldPrice":"1200000","quantity":1,"currency":"COP","sku":"","outOfStock":false,"isFeatured":false,"categories":["4"],"images":[{"url":"np://user.desktop.nicepage.com/Site_217071124/images/gabinete.jpg"}],"created":1731095151557,"updated":1731095151557,"isDefault":false},{"id":"11","name":"intel","title":"Intel","description":"Intel","fullDescription":"Intel","price":"0","oldPrice":"","quantity":1,"currency":"COP","sku":"","outOfStock":false,"isFeatured":false,"categories":["5"],"images":[{"url":"np://user.desktop.nicepage.com/Site_217071124/images/pngimg.com-intel_PNG19.png"}],"created":1731111081863,"updated":1731111390322,"isDefault":false},{"id":"5","name":"monitor","title":"Monitor","description":"Monitor gamer LG","fullDescription":"","price":"3000000","oldPrice":"","quantity":1,"currency":"COP","sku":"","outOfStock":false,"isFeatured":false,"categories":["4"],"images":[{"url":"np://user.desktop.nicepage.com/Site_217071124/images/monitor.jpg"}],"created":1731085845300,"updated":1731098694579,"isDefault":true},{"id":"4","name":"mouse-gamer-red-dragon-negro-rgb-alambrico","title":"Mouse gamer Red Dragon Negro RGB Alambrico","description":"Mouse gamer Red Dragon Negro RGB Alambrico","fullDescription":"Mouse gamer Red Dragon Negro RGB Alambrico","price":"160000","oldPrice":"","quantity":1,"currency":"COP","sku":"","outOfStock":false,"isFeatured":false,"categories":["4"],"images":[{"url":"np://user.desktop.nicepage.com/Site_217071124/images/mousegamer.png"}],"created":1731085845299,"updated":1731099886338,"isDefault":true},{"id":"3","name":"ram-corsair-vengeance-rgb-pro-16-gb","title":"Ram Corsair vengeance rgb pro 16 GB","description":"Ram Corsair vengeance rgb pro 16 GB","fullDescription":"Ram Corsair vengeance rgb pro 16 GB","price":"260000","oldPrice":"","quantity":1,"currency":"COP","sku":"","outOfStock":false,"isFeatured":false,"categories":["4"],"images":[{"url":"np://user.desktop.nicepage.com/Site_217071124/images/ram.jpg"}],"created":1731085845299,"updated":1731099812544,"isDefault":true},{"id":"9","name":"refrigeraci-n-l-quida","title":"Refrigeración Líquida","description":"Refrigeración Líquida OCEANIC LCD 240 Black ","fullDescription":"Refrigeración Líquida OCEANIC LCD 240 Black ARGB - ABYSM GAMING","price":"578000","oldPrice":"","quantity":1,"currency":"COP","sku":"","outOfStock":false,"isFeatured":false,"categories":["4"],"images":[{"url":"np://user.desktop.nicepage.com/Site_217071124/images/refrigeracion.jpg"}],"created":1731102706995,"updated":1731102706995,"isDefault":false},{"id":"2","name":"tarjeta-grafica-azus-rog-strix-gaming-4090","title":"Tarjeta grafica azus rog strix gaming 4090","description":"Tarjeta grafica azus rog strix gaming 4090","fullDescription":"Tarjeta grafica azus rog strix gaming 4090 // 24 G // Aura RGB","price":"7000000","oldPrice":"","quantity":1,"currency":"COP","sku":"","outOfStock":false,"isFeatured":false,"categories":["4"],"images":[{"url":"np://user.desktop.nicepage.com/Site_217071124/images/tarjetagrafica.jpg"}],"created":1731085845299,"updated":1731099275580,"isDefault":true},{"id":"8","name":"teclado-gamer-red-dragon","title":"Teclado Gamer Red Dragon ","description":"Teclado Gamer Red Dragon RGB 100%","fullDescription":"Teclado Gamer Red Dragon RGB 100%","price":"346000","oldPrice":"","quantity":1,"currency":"COP","sku":"","outOfStock":false,"isFeatured":false,"categories":["4"],"images":[{"url":"np://user.desktop.nicepage.com/Site_217071124/images/teclado.jpg"}],"created":1731102189883,"updated":1731102189883,"isDefault":false}],"categories":[{"id":"1","title":"Clothes","categoryId":null,"created":1731085845298,"updated":1731085845298},{"id":"2","title":"Shoes","categoryId":null,"created":1731085845298,"updated":1731085845298},{"id":"3","title":"Accessories","categoryId":null,"created":1731085845298,"updated":1731085845298},{"id":"4","title":"Componentes","categoryId":"3","created":1731095140563,"updated":1731095140563},{"id":"5","title":"Marca de procesador","categoryId":"3","created":1731111004735,"updated":1731111004735}]}